id,name,tags
SPDUYNYkcMerytw36BBD,22623336813_9e0c777372_k.jpg,['L84']
bd7jkwLDhcpeYm9WE9Iz,21401250122_89990cc99d_k.jpg,['L84']
5mJqH38m472PJi1mazmJ,20971681322_2dfa3f6c4d_k.jpg,['L84']
mT9mSikVTXVqpAHkMZNi,9476979502_92bdff8af8_h.jpg,['L84']
cwD7GuW7HHifMsSObA4I,9474191731_957583abb8_h.jpg,['L84']
ah3xsvFYIpjXTUHtNHvO,9474188453_6696a915b0_h.jpg,['L84']
7bbOm2SgYbBqQN4y3tDr,9474192719_155891530d_h.jpg,['L84']
Pm0FALORtLrmXIRvQK0a,9474188907_f3603c57f8_h.jpg,['L84']
McmncNZt4MU3yIWNuiH0,9155244769_116a6e2201_b.jpg,['L84']
obFnLTsI7guUsYE6IWLa,9476987204_7f37d23d1a_h.jpg,['L84']
x6bUzdwhMqoqkZI0Oc0p,9474194863_4eaa0af123_h.jpg,['L84']
bT7qmnQSp235jUIF3dOt,9474195789_1b020822f5_h.jpg,['L84']
gOOAnlvmqg82FtfcWPRs,9476982866_092c3e3ee8_h.jpg,['L84']
PUVHvD2wgScvlQelsZ8M,9474192075_7cc677910a_h.jpg,['L84']
NnbXeL5fsOPsJ7vVC1gs,9474197007_87926f26a6_h.jpg,['L84']
yrROHe92WCquwx9TVzqo,9157468798_8af9e0b3d3_b.jpg,['L84']
wzvXzFeLiGYID5H3iHuQ,23224303396_1a06d66505_k.jpg,['L88']
vyg95ZVAaGpmgKeURQJY,21412127125_e385d93f9d_k.jpg,['L88']
xCfzlIXnlCXNYlm61pM4,21224067380_cbabc68d17_k.jpg,['L88']
v1NoUmW6KwiytNXrnXHe,9474201865_196a7575e4_h.jpg,['L88']
eaPP3Fy7yHh15oVUYOkj,9476990708_b6238de6ef_h.jpg,['L88']
DQP0yTgFVqhK8rud3cyV,9474189627_65cd8e20ad_h.jpg,['L88']
kCExKbD0FsJw07ROBDYM,Image 12-16-24 at 10-14 PM.jpg,['L88']
38IqjxMubJ5dSG5MeWX6,9474199061_3c6091d209_h.jpg,['L88']
zMKwBj1XZw8KsTj81yVN,9474199391_7f97550ceb_h.jpg,['L88']
ukAnQn5pjEnIfq85KMer,Image 12-16-24 at 10-22 PM.jpg,['J37']
0R1ZUF3daKgdaSTx5n8g,9266848782_2e1ace82e5_h.jpg,['J37']
mIj5oayiuNyGUClu7muW,9496967037_ca47c487eb_h.jpg,['J37']
IdzDMHRchbVh32Ysxrm4,9264075517_ed1bc94fc1_h.jpg,['J37']
ickrxdZ4eAqx2nxH9eN2,9157386220_c972237e75_b.jpg,['J37']
4TtfKAoisNlRtHX5lXeE,9496971821_5aa4abb225_h.jpg,['J37']
JSK64nzsrXWkJuXGStAk,9317909616_c689564c80_h.jpg,['J37']
ljpgEwMwX9TnlQtVALUZ,9266862474_465847fd67_h.jpg,['J37']
1D3PZbUc41IOzkSft74F,9496970679_50ab96cf7a_h.jpg,['J37']
HBDv5tsJPqzHnugAXlWg,25523590690_8dfd3aeed4_h.jpg,['J37']
ng3WLWOMshWkLeQxN2Rr,image_10.jpg,['J37']
dDdPCMB2VGlexi2SzJmh,1234567.jpg,['J37']
63cL8RWzXbPVR94OORcc,9266841856_7a3a464fe7_h.jpg,['J37']
ME16HaBuvEytLmZHkFrx,J37_ComoxValleyWildlifeSightings.jpg,['J37']
QVOREGNhhpnyqnoqNkEC,43268446850_44f12b1783_h.jpg,['J39']
YJEjIjJ8hmNnpIYDMigQ,9496967743_2243fdae89_h.jpg,['J39']
tHux2vpJFDjvVE0r76Af,image_7.jpg,['J39']
4r7JyimEJ17LY7JJ0ZW3,9496970195_71d0d33252_h.jpg,['J39']
31UmuYLrY56huk4PgosH,33197362514_adc31d7c63_h.jpg,['J39']
dVnwVUKSWS9Mpdv87jXY,54106051643_cfa4199955_h.jpg,['J39']
tHgYKw1yVttbUgkdqZzL,9496969141_114f7c5ce5_h.jpg,['J39']
XWuRKMtVsnFEnfe9coB8,51467049821_dd7f2e0ef6_h.jpg,['J39']
zlkyJe6ufC9CKuLq4zoH,29772048362_e3b4b895dc_h.jpg,['J39']
2naYeDeW89GH2efJwGJW,9496974453_9292176ee0_h.jpg,['J39']
QzrLyldfobOLNwa1N9Lq,21241347213_e0cacee01a_k.jpg,['J27']
nVkuhzkSt9tTpTiFm0TQ,15243670139_b0df3ccdde_k.jpg,['J27']
MK8MZ0gN1X7oYd8AE6qi,20236836853_2578521d97_k.jpg,['J27']
QtfdKqSgwmE5QCIfVUmx,27540918025_18189ae6f2_k.jpg,['J27']
CoJxkzDqL5rrg1SC6MbH,34157473790_d202b89661_k.jpg,['J27']
ijOSn8ZOjfnVpGriObbd,21675517199_5cd9072a7f_k.jpg,['J27']
M5g3hQ0YwdxWyVqG0UCs,39200343990_f4db8edd13_k.jpg,['J27']
jgucuotv1kaC3QH7z1NM,44759349140_e47e251750_k.jpg,['J27']
z9VYuI52zgpW29Bp9ec0,11301484695_84971052fd_k.jpg,['J27']
7t2E1WUX3UWAtNxMK6xJ,21241327943_a21a21c4e3_k.jpg,['J27']
4oRHt94yqWqjJ7oy4xL5,33187880170_41346f85d0_k.jpg,['J27']
RyRGdVFe6rzK0rde1set,15234965509_1bca14b4a6_k.jpg,['J27']
nwvXzD2JgPNkAcw1Dowl,34157483960_d647595a0e_k.jpg,['J27']
MrHmlJS5kafrWQ7cKOud,15421718615_cb4da01521_k.jpg,['J27']
3J2nNK1grdBCgmpPv2U5,9157318974_1285c85f16_b.jpg,['J27']
ClDPlCk486vNFaKKlZBd,25797819466_0a2944c34f_4k.jpg,['J27']
B6EpRv3vHPUDRIDUJCG9,Image 12-16-24 at 9-40 PM.jpg,['J27']
7bvxH2qELtOJJFJ6o6nU,9369817719_96a583c8d7_h.jpg,['J27']
T43T9XGibp4GttlE9bI2,25523182320_18b83bdf93_4k.jpg,['J27']
y26gcvhpiQuEYWIwBgBb,49427417187_8dcc23c4b2_4k.jpg,['J27']
6zXa0aw0tfg9MholJjcN,image_5.jpg,['J27']
xMkD4fCVcDkT31nvz9sv,25737615866_fe5762e0a2_k.jpg,['J26']
SK6KO8zi8HvYoligMe3Q,25133234024_bd2c3d5b4f_k.jpg,['J26']
YS4TGTsXlIEHwk0xyEft,25737646826_73e0a0d74c_k.jpg,['J26']
EV0vaD5kAJR036nLqVoP,26587615670_5aeb0b3c36_k.jpg,['J26']
Fsf0TDVGYIDwScUms1Nc,9271194149_2a86971381_h.jpg,['J26']
ff0ZXBrYZs0URBzLIN3E,46577311571_b51851fdd1_h.jpg,['J26']
jCGkXUajf6hcbHRmVXIX,34413120621_1dab83177b_k.jpg,['J26']
KzwRbSJcV12nB5XKXcnF,44166326924_707b0c3802_k.jpg,['J26']
k6ebDx7x9AHhQyQOp03T,25668635271_f0c0d56893_k.jpg,['J26']
aNAgwBbxX8jIbHq9XIJS,22607820887_07b1e2254c_k.jpg,['J26']
6PQAovBm1WsYjNJLg270,25642766142_ab4b0a85d3_k.jpg,['J26']
rLOesG41xKBQLzekrjiv,25737652886_61c38e8264_k.jpg,['J26']
u7frpEOyEa7fkr4RhTyr,25668642681_54ac6ee8d0_k.jpg,['J26']
ktrVuwtNU4OnIMX4Nq2Q,27778131593_9f582a4e12_k.jpg,['J26']
8p4Nksk9SZLI4BeuevVd,25642718152_993bee1b22_k.jpg,['J26']
h3bJkdiovP4tgeKFeux8,25137121813_36831cc7d3_k.jpg,['J26']
60ZK7SDSuxuHRGWhZ6sE,26766958362_8bc7894976_k.jpg,['J26']
E06r8xj86O6GyrrNzf9v,34413135721_76f474d48c_k.jpg,['J26']
TxiUHno5N3Cob4rOIMLK,46525094592_d4b19292a2_h.jpg,['J26']
NypeW5VKwuJlH76gO2dY,25668605481_e835e1612a_k.jpg,['J26']
ExOLf00J2kXMfIif6BGj,9155086815_f655f79882_b.jpg,['J26']
UNFsl2FIBYvMTlBkOiyS,Image 12-16-24 at 11-01 PM.jpg,['J26']
WB0DLB5yWKINlT1npxMW,25133239704_626b165671_k.jpg,['J26']
KTUWQlnTYM4buuyHtBNa,25668648111_47f9398f70_k.jpg,['J26']
IQhrtAxGPmW6FRmhp1DI,25137168013_037c2b346e_k.jpg,['J26']
YH5iiG4ABbnfg5AGNiQr,28116690922_1ac8fb5156_k.jpg,['J26']
QyRlI5Dhk7ZmEe959iOC,26587597710_19beb102c4_k.jpg,['J26']
egJbqNkCZgRThdFWu4Ox,26587595020_370b98e322_k.jpg,['J26']
CAlqwLnThjIyitS6qssb,25137123023_edee500806_k.jpg,['J26']
gQsBCjF798VUpW2eUSWg,9271186233_4e767ebe1b_h.jpg,['J26']
